{"person": [0.22120574648712457, 0.0, 0.0, 0.27418597467573413, 0.20437684156204028, 0.0, 0.0, 0.0, 0.0, 0.19494997274461667, 0.0, 0.0, 0.0, 0.17950200914417336, 0.0], "bicycle": [0.30934557022045633, 0.3895547813135755, 0.0, 0.0, 0.0, 0.0, 0.3117230682182625, 0.4288530352009168, 0.0, 0.0, 0.30336451195195185, 0.0, 0.0, 0.0, 0.0], "car": [0.4243560412972666, 0.34025579066870576, 0.26407389270047255, 0.0, 0.0, 0.33123555612062816, 0.0, 0.0, 0.0, 0.0, 0.0, 0.0, 0.0, 0.2786804832016985, 0.0], "motorcycle": [0.34273715026910617, 0.2919782541732573, 0.0, 0.0, 0.0, 0.0, 0.16655348745799534, 0.3484435877161785, 0.0, 0.0, 0.22366350595047185, 0.0, 0.0, 0.0, 0.0], "bus": [0.343898302188329, 0.606774031880976, 0.2756504907852067, 0.0, 0.0, 0.293271970620525, 0.0, 0.0, 0.0, 0.0, 0.28539920645091205, 0.0, 0.0, 0.0, 0.0], "truck": [0.3873087727967707, 0.3799434225518543, 0.2318622859243191, 0.0, 0.0, 0.35202544420921317, 0.0, 0.0, 0.0, 0.0, 0.21535141159956625, 0.0, 0.0, 0.0, 0.0], "boat": [0.4304115053816891, 0.24119380932382628, 0.0, 0.0, 0.0, 0.26132851103908367, 0.1870650815484429, 0.0, 0.0, 0.0, 0.0, 0.21160883357993587, 0.0, 0.0, 0.0], "traffic light": [0.1425751549766613, 0.23570030618832277, 0.2709825079532611, 0.0, 0.0, 0.0, 0.0, 0.0, 0.0, 0.0, 0.0, 0.0, 0.11562809765835586, 0.0, 0.2055926753784067], "fire hydrant": [0.16419429497839524, 0.0, 0.3546987484785406, 0.2116217090815721, 0.0, 0.0, 0.0, 0.0, 0.0, 0.0, 0.0, 0.29448426282483076, 0.0, 0.18457913718780675, 0.0], "stop sign": [0.14109647789561827, 0.24156397818513317, 0.2756879467459613, 0.0, 0.1083530155248739, 0.0, 0.0, 0.0, 0.0, 0.10667950163967468, 0.0, 0.0, 0.0, 0.0, 0.0], "bench": [0.12463553490604547, 0.0, 0.12545774984310257, 0.0, 0.0, 0.0, 0.0, 0.0, 0.0, 0.12661739955445783, 0.0, 0.1855407413752057, 0.0, 0.0, 0.1471029336361909], "bird": [0.32852194155593234, 0.0, 0.0, 0.5146258952298854, 0.35035142529200647, 0.0, 0.2528696745368901, 0.0, 0.0, 0.0, 0.0, 0.0, 0.2546972559295941, 0.0, 0.0], "dog": [0.0, 0.0, 0.0, 0.7609457632935733, 0.3660915261446183, 0.0, 0.34721349818340924, 0.0, 0.0, 0.0, 0.38931630840822085, 0.0, 0.3014383596969187, 0.0, 0.0], "horse": [0.0, 0.24970221840547596, 0.0, 0.38147914318778986, 0.16485618925223244, 0.0, 0.0, 0.1784983271802059, 0.0, 0.0, 0.0, 0.0, 0.0, 0.0, 0.1785711337611362], "sheep": [0.0, 0.0, 0.0, 0.38320597204749535, 0.31640134344994564, 0.0, 0.0, 0.17612013555001257, 0.0, 0.0, 0.0, 0.0, 0.20863422375078824, 0.0, 0.26029773218335894], "cow": [0.0, 0.0, 0.0, 0.4035244582919895, 0.269734220959297, 0.0, 0.0, 0.0, 0.24156873932109205, 0.0, 0.2500835641932808, 0.2562341093991659, 0.0, 0.0, 0.0], "elephant": [0.0, 0.21729633245138663, 0.0, 0.46387665324080535, 0.44258280501165576, 0.0, 0.0, 0.0, 0.0, 0.0, 0.0, 0.22809867553394247, 0.2606827152068713, 0.0, 0.0], "zebra": [0.0, 0.13891925648602582, 0.0, 0.4292272422140905, 0.2928753795720585, 0.0, 0.0, 0.0, 0.0, 0.0, 0.0, 0.0, 0.21354078077821317, 0.0, 0.23557254186115195], "giraffe": [0.0, 0.0, 0.0, 0.479414705190272, 0.3022308867683879, 0.0, 0.25902328185339957, 0.0, 0.0, 0.0, 0.0, 0.0, 0.21493646798224839, 0.0, 0.21565066122252305], "backpack": [0.0, 0.0, 0.0, 0.0, 0.0, 0.6553376969962206, 0.3033160395323041, 0.28907201171729624, 0.0, 0.0, 0.0, 0.28280851261200296, 0.0, 0.2862955775664066, 0.0], "umbrella": [0.0, 0.0, 0.0, 0.0, 0.0, 0.18737628156434605, 0.18370347980710625, 0.0, 0.18585583096713923, 0.0, 0.0, 0.0, 0.0, 0.114952872345863, 0.13269930137411304], "handbag": [0.0, 0.0, 0.0, 0.2778930527018662, 0.0, 0.5555124812985552, 0.0, 0.0, 0.0, 0.29462021481609557, 0.0, 0.2720938889715365, 0.0, 0.2988693068537108, 0.0], "tie": [0.0, 0.0, 0.0, 0.11763169180795387, 0.0, 0.0, 0.0, 0.0, 0.11178733623922835, 0.0, 0.11871282515324376, 0.0, 0.0, 0.0, 0.0], "skis": [0.30799699998447966, 0.0, 0.0, 0.0, 0.0, 0.0, 0.28892623273266066, 0.6925252684048744, 0.0, 0.0, 0.0, 0.0, 0.0, 0.22599549097946953, 0.26301110017907026], "sports ball": [0.0, 0.0, 0.16787676416084465, 0.0, 0.0, 0.16933238705968975, 0.3381791457086946, 0.0, 0.0, 0.0, 0.0, 0.0, 0.0, 0.17271040376496627, 0.23451196547808786], "kite": [0.3695177310189021, 0.0, 0.0, 0.22413826122488625, 0.0, 0.0, 0.38249985872624576, 0.3500775582509709, 0.0, 0.0, 0.2181131750333958, 0.0, 0.0, 0.0, 0.0], "baseball bat": [0.0, 0.0, 0.0, 0.23013331352874952, 0.0, 0.1710801534545695, 0.190404645161173, 0.0, 0.0, 0.0, 0.0, 0.0, 0.0, 0.17466684485672532, 0.1913304506485178], "baseball glove": [0.0, 0.0, 0.0, 0.0, 0.0, 0.23894628013302596, 0.18088841872751474, 0.0, 0.0, 0.0, 0.17993567249466103, 0.0, 0.0, 0.18088714771784054, 0.1861200459186409], "skateboard": [0.26814590189813353, 0.0, 0.25377885037496895, 0.0, 0.0, 0.0, 0.4809957227807481, 0.6544897188366718, 0.0, 0.0, 0.37423540169035774, 0.0, 0.0, 0.0, 0.0], "surfboard": [0.28915909488410857, 0.0, 0.0, 0.0, 0.0, 0.0, 0.3318250185439963, 0.4970677478587876, 0.0, 0.3126644476845182, 0.27786884693154673, 0.0, 0.0, 0.0, 0.0], "tennis racket": [0.0, 0.0, 0.0, 0.1473739730967715, 0.0, 0.1935204662443362, 0.2523990268007404, 0.0, 0.0, 0.0, 0.0, 0.1642299423666446, 0.2187144480494967, 0.0, 0.0], "bottle": [0.0, 0.0, 0.0, 0.0, 0.0, 0.34633880512807463, 0.0, 0.0, 0.0, 0.2917561085350444, 0.2534183805712281, 0.38747977825865587, 0.0, 0.2874256687011403, 0.0], "wine glass": [0.0, 0.0, 0.0, 0.0, 0.0, 0.0, 0.0, 0.0, 0.34936567049495837, 0.31963410094898964, 0.2972594017549259, 0.27241056318094903, 0.0, 0.29559566456046726, 0.0], "cup": [0.0, 0.0, 0.0, 0.0, 0.0, 0.0, 0.24235974553972686, 0.0, 0.0, 0.27834376398963995, 0.2354016924685631, 0.26847441746319484, 0.0, 0.2983940412029057, 0.0], "knife": [0.0, 0.0, 0.0, 0.0, 0.0, 0.29961520896373045, 0.0, 0.0, 0.37651694502003225, 0.28189832554729793, 0.24212416122404548, 0.0, 0.0, 0.272655653966856, 0.0], "spoon": [0.0, 0.0, 0.0, 0.0, 0.0, 0.0, 0.2844872893926012, 0.0, 0.45116102520156826, 0.36605749308358265, 0.0, 0.3429382096582318, 0.0, 0.3968604583179286, 0.0], "bowl": [0.0, 0.0, 0.0, 0.0, 0.0, 0.0, 0.19772356264743673, 0.0, 0.22749334489496945, 0.23660573375676977, 0.0, 0.26547796816341385, 0.0, 0.19269768911642143, 0.0], "banana": [0.0, 0.0, 0.0, 0.2307206867121445, 0.0, 0.0, 0.21337433627941313, 0.0, 0.22865072436624204, 0.30579151830385376, 0.4289264971582873, 0.0, 0.0, 0.0, 0.0], "apple": [0.0, 0.0, 0.0, 0.2074909081807452, 0.0, 0.0, 0.0, 0.0, 0.2330312703362407, 0.2990992292942359, 0.32629143871873006, 0.0, 0.0, 0.23180557159033444, 0.0], "orange": [0.17244406796530487, 0.0, 0.0, 0.0, 0.0, 0.0, 0.0, 0.0, 0.14307813253963858, 0.1688927936591588, 0.19948397041809246, 0.0, 0.0, 0.0, 0.1913889617418684], "broccoli": [0.0, 0.0, 0.0, 0.0, 0.0, 0.0, 0.1802366764784458, 0.0, 0.22155095207326614, 0.39996406705036314, 0.33967347214461197, 0.0, 0.0, 0.0, 0.28155093267647074], "carrot": [0.0, 0.0, 0.0, 0.18462375871667702, 0.0, 0.0, 0.18893106435383622, 0.0, 0.36316457448153305, 0.23400783778021333, 0.28644569887407956, 0.0, 0.0, 0.0, 0.0], "pizza": [0.0, 0.0, 0.0, 0.0, 0.0, 0.0, 0.25515493927543176, 0.2733919377697132, 0.0, 0.6840399134165549, 0.5737500777251267, 0.0, 0.0, 0.27822191356896797, 0.0], "donut": [0.0, 0.0, 0.0, 0.24797763564704886, 0.0, 0.0, 0.2713397948652598, 0.0, 0.0, 0.6135589053631688, 0.5182096701788366, 0.0, 0.0, 0.33413385854214206, 0.0], "cake": [0.0, 0.0, 0.0, 0.0, 0.0, 0.0, 0.18731420805475324, 0.0, 0.20796324490263768, 0.42444605496894783, 0.4024222719271297, 0.0, 0.0, 0.32771369167096237, 0.0], "chair": [0.14819392494951303, 0.0, 0.0, 0.0, 0.0, 0.19256786649175006, 0.1532885325971473, 0.0, 0.0, 0.0, 0.0, 0.23069116457240046, 0.0, 0.17769125188233637, 0.0], "couch": [0.0, 0.0, 0.0, 0.2658068861487752, 0.0, 0.3257309590071717, 0.23731699303068823, 0.0, 0.0, 0.0, 0.0, 0.3256144930411093, 0.0, 0.3278782928663818, 0.0], "potted plant": [0.0, 0.0, 0.0, 0.14410720144461472, 0.0, 0.17772294707644046, 0.0, 0.0, 0.0, 0.0, 0.15098483869358098, 0.0, 0.0, 0.14026290635914315, 0.15526694695229296],